{"position":{"x":72.56566619873047,"y":1.0122820138931275,"z":0.0}}